Title,smiles,ho,lu,fermi,gap,molecular_weight,nonh_atoms,logp
Benzene,C1=CC=CC=C1,-7.044,-0.422,-3.733,6.622,78.05,6,1.69
Naph,C1=CC2=C(C=C1)C=CC=C2,-6.11,-1.368,-3.739,4.742,128.06,10,2.84
N4,C1=CC=C2C=C3C=C4C=CC=CC4=CC3=CC2=C1,-5.163,-2.431,-3.797,2.732,228.09,18,5.15
N8,C1=CC=C2C=C3C=C4C=C5C=C6C=C7C=C8C=CC=CC8=CC7=CC6=CC5=CC4=CC3=CC2=C1,-4.297,-3.431,-3.864,0.8659999999999997,428.16,34,9.76
N16,C1=CC=C2C=C3C=C4C=C5C=C6C=C7C=C8C=C9C=C%10C=C%11C=C%12C=C%13C=C%14C=C%15C=C%16C=CC=CC%16=CC%15=CC%14=CC%13=CC%12=CC%11=CC%10=CC9=CC8=CC7=CC6=CC5=CC4=CC3=CC2=C1,-4.246,-3.561,-3.9035,0.6850000000000005,828.28,66,18.98
B8,C1=CC=C(C2=CC=C(C3=CC=C(C4=CC=C(C5=CC=C(C6=CC=C(C7=CC=C(C8=CC=CC=C8)C=C7)C=C6)C=C5)C=C4)C=C3)C=C2)C=C1,-5.687,-1.809,-3.748,3.878,610.27,48,13.36
B16,C1=CC=C(C2=CC=C(C3=CC=C(C4=CC=C(C5=CC=C(C6=CC=C(C7=CC=C(C8=CC=C(C9=CC=C(C%10=CC=C(C%11=CC=C(C%12=CC=C(C%13=CC=C(C%14=CC=C(C%15=CC=C(C%16=CC=CC=C%16)C=C%15)C=C%14)C=C%13)C=C%12)C=C%11)C=C%10)C=C9)C=C8)C=C7)C=C6)C=C5)C=C4)C=C3)C=C2)C=C1,-5.614,-1.897,-3.7555,3.717,1218.52,96,26.69
ABN4,C1=CC2=C(C=C1)C1=C(C=C2)C2=C(C=CC=C2)C=C1,-5.83,-1.624,-3.727,4.206,228.09,18,5.15
ABN8,C1=CC2=C(C=C1)C1=C(C=C2)C2=C(C=C1)C1=C(C=C2)C2=C(C=C1)C1=C(C=C2)C2=C(C=CC=C2)C=C1,-5.687,-1.778,-3.7325,3.909,428.16,34,9.76
ABN16,C1=CC2=C(C=C1)C1=C(C=C2)C2=C(C=C1)C1=C(C=C2)C2=C(C=C1)C1=C(C=C2)C2=C(C=C1)C1=C(C=C2)C2=C(C=C1)C1=C(C=C2)C2=C(C=C1)C1=C(C=C2)C2=C(C=C1)C1=C(C=C2)C2=C(C=CC=C2)C=C1,-5.641,-1.929,-3.785,3.712,828.28,66,18.98
B4T,C1=CC=C(C2=CC=C(C3=CC=C(C4=CC=CC=C4)C=C3)C=C2)C=C1,-5.915,-1.6,-3.7575,4.315,306.14,24,6.69
B8T,C1=CC=C(C2=CC=C(C3=CC=C(C4=CC=C(C5=CC=C(C6=CC=C(C7=CC=C(C8=CC=CC=C8)C=C7)C=C6)C=C5)C=C4)C=C3)C=C2)C=C1,-5.721,-1.838,-3.7795,3.883,610.27,48,13.36
B16T,C1=CC=C(C2=CC=C(C3=CC=C(C4=CC=C(C5=CC=C(C6=CC=C(C7=CC=C(C8=CC=C(C9=CC=C(C%10=CC=C(C%11=CC=C(C%12=CC=C(C%13=CC=C(C%14=CC=C(C%15=CC=C(C%16=CC=CC=C%16)C=C%15)C=C%14)C=C%13)C=C%12)C=C%11)C=C%10)C=C9)C=C8)C=C7)C=C6)C=C5)C=C4)C=C3)C=C2)C=C1,-5.656,-1.927,-3.7915,3.729,1218.52,96,26.69
C2H4,C=C,-7.636,-0.174,-3.905,7.462,28.03,2,0.8
C2H4_2,C=CC=C,-6.591,-1.106,-3.8485,5.485,54.05,4,1.36
C2H4_4,C=C/C=C/C=C/C=C,-5.706,-1.965,-3.8355,3.741000000000001,106.08,8,2.47
C2H4_8,C=C/C=C/C=C/C=C/C=C/C=C/C=C/C=C,-5.079,-2.579,-3.829,2.5,210.14,16,4.7
C2H4_16,C=C/C=C/C=C/C=C/C=C/C=C/C=C/C=C/C=C/C=C/C=C/C=C/C=C/C=C/C=C/C=C,-4.699,-2.946,-3.8225,1.7529999999999997,418.27,32,9.15
C2H4_32,C=C/C=C/C=C/C=C/C=C/C=C/C=C/C=C/C=C/C=C/C=C/C=C/C=C/C=C/C=C/C=C/C=C/C=C/C=C/C=C/C=C/C=C/C=C/C=C/C=C/C=C/C=C/C=C/C=C/C=C/C=C/C=C,-4.509,-3.124,-3.8165,1.3850000000000002,834.52,64,18.04
C2H4_C4,C=C/C=C\C=C/C=C,-5.767,-1.9,-3.8335,3.867,106.08,8,2.47
C2H4_C8,C=C/C=C\C=C/C=C\C=C/C=C\C=C/C=C,-5.258,-2.449,-3.8535,2.809,210.14,16,4.7
C2H4_C16,C=C/C=C\C=C/C=C\C=C/C=C\C=C/C=C\C=C/C=C\C=C/C=C\C=C/C=C\C=C/C=C,-5.005,-2.741,-3.873,2.264,418.27,32,9.15
C2H2,C#C,-8.144,0.531,-3.8065,8.675,26.02,2,0.25
C4H2,C#CC#C,-7.439,-1.116,-4.2775,6.323,50.02,4,0.25
C8H2,C#CC#CC#CC#C,-6.833,-2.515,-4.674,4.318,98.02,8,0.26
C16H2,C#CC#CC#CC#CC#CC#CC#CC#C,-6.41,-3.467,-4.9385,2.943,194.02,16,0.27
C32H2,C#CC#CC#CC#CC#CC#CC#CC#CC#CC#CC#CC#CC#CC#CC#CC#C,-6.179,-4.019,-5.099,2.16,386.02,32,0.3
PhC2H3,C=CC1=CC=CC=C1,-6.36,-1.309,-3.8345,5.051,104.06,8,2.33
PhC2H32_T,C=CC1=CC=C(/C=C/C2=CC=CC=C2)C=C1,-5.663,-2.012,-3.8375,3.651,206.11,16,4.5
PhC2H34_T,C=CC1=CC=C(/C=C/C2=CC=C(/C=C/C3=CC=C(/C=C/C4=CC=CC=C4)C=C3)C=C2)C=C1,-5.273,-2.409,-3.841,2.864,410.2,32,8.84
PhC2H38_T,C=CC1=CC=C(/C=C/C2=CC=C(/C=C/C3=CC=C(/C=C/C4=CC=C(/C=C/C5=CC=C(/C=C/C6=CC=C(/C=C/C7=CC=C(/C=C/C8=CC=CC=C8)C=C7)C=C6)C=C5)C=C4)C=C3)C=C2)C=C1,-5.101,-2.59,-3.8455,2.511,818.39,64,17.52
PhC2H316_T,C=CC1=CC=C(/C=C/C2=CC=C(/C=C/C3=CC=C(/C=C/C4=CC=C(/C=C/C5=CC=C(/C=C/C6=CC=C(/C=C/C7=CC=C(/C=C/C8=CC=C(/C=C/C9=CC=C(/C=C/C%10=CC=C(/C=C/C%11=CC=C(/C=C/C%12=CC=C(/C=C/C%13=CC=C(/C=C/C%14=CC=C(/C=C/C%15=CC=C(/C=C/C%16=CC=CC=C%16)C=C%15)C=C%14)C=C%13)C=C%12)C=C%11)C=C%10)C=C9)C=C8)C=C7)C=C6)C=C5)C=C4)C=C3)C=C2)C=C1,-5.042,-2.655,-3.8485,2.387,1634.77,128,34.89
PhC2H32_C,C=CC1=CC=C(/C=C/C2=CC=CC=C2)C=C1,-5.665,-1.989,-3.827,3.676,206.11,16,4.5
PhC2H34_C,C=CC1=CC=C(/C=C/C2=CC=C(/C=C/C3=CC=C(/C=C/C4=CC=CC=C4)C=C3)C=C2)C=C1,-5.277,-2.383,-3.83,2.894,410.2,32,8.84
PhC2H38_C,C=CC1=CC=C(/C=C/C2=CC=C(/C=C/C3=CC=C(/C=C/C4=CC=C(/C=C/C5=CC=C(/C=C/C6=CC=C(/C=C/C7=CC=C(/C=C/C8=CC=CC=C8)C=C7)C=C6)C=C5)C=C4)C=C3)C=C2)C=C1,-5.106,-2.564,-3.835,2.542,818.39,64,17.52
PhC2H316_C,C=CC1=CC=C(/C=C/C2=CC=C(/C=C/C3=CC=C(/C=C/C4=CC=C(/C=C/C5=CC=C(/C=C/C6=CC=C(/C=C/C7=CC=C(/C=C/C8=CC=C(/C=C/C9=CC=C(/C=C/C%10=CC=C(/C=C/C%11=CC=C(/C=C/C%12=CC=C(/C=C/C%13=CC=C(/C=C/C%14=CC=C(/C=C/C%15=CC=C(/C=C/C%16=CC=CC=C%16)C=C%15)C=C%14)C=C%13)C=C%12)C=C%11)C=C%10)C=C9)C=C8)C=C7)C=C6)C=C5)C=C4)C=C3)C=C2)C=C1,-5.046,-2.63,-3.838,2.4160000000000004,1634.77,128,34.89
PhC2H,C#CC1=CC=CC=C1,-6.649,-1.25,-3.9495,5.399,102.05,8,1.67
PhC2H2_T,C#CC1=CC=C(C#CC2=CC=CC=C2)C=C1,-6.35,-1.706,-4.028,4.644,202.08,16,3.07
PhC2H4_T,C#CC1=CC=C(C#CC2=CC=C(C#CC3=CC=C(C#CC4=CC=CC=C4)C=C3)C=C2)C=C1,-6.289,-1.762,-4.0255,4.526999999999999,402.14,32,5.87
PhC2H8_T,C#CC1=CC=C(C#CC2=CC=C(C#CC3=CC=C(C#CC4=CC=C(C#CC5=CC=C(C#CC6=CC=C(C#CC7=CC=C(C#CC8=CC=CC=C8)C=C7)C=C6)C=C5)C=C4)C=C3)C=C2)C=C1,-6.283,-1.78,-4.0315,4.503,802.27,64,11.47
PhC2H16_T,C#CC1=CC=C(C#CC2=CC=C(C#CC3=CC=C(C#CC4=CC=C(C#CC5=CC=C(C#CC6=CC=C(C#CC7=CC=C(C#CC8=CC=C(C#CC9=CC=C(C#CC%10=CC=C(C#CC%11=CC=C(C#CC%12=CC=C(C#CC%13=CC=C(C#CC%14=CC=C(C#CC%15=CC=C(C#CC%16=CC=CC=C%16)C=C%15)C=C%14)C=C%13)C=C%12)C=C%11)C=C%10)C=C9)C=C8)C=C7)C=C6)C=C5)C=C4)C=C3)C=C2)C=C1,-6.283,-1.783,-4.033,4.5,1602.52,128,22.66
PhC2H2_C,C#CC1=CC=C(C#CC2=CC=CC=C2)C=C1,-6.012,-2.008,-4.01,4.004,202.08,16,3.07
PhC2H4_C,C#CC1=CC=C(C#CC2C=CC(C#CC3C=CC(C#CC4=CC=CC=C4)C=C3)C=C2)C=C1,-5.668,-2.449,-4.0585,3.2190000000000003,406.17,32,5.79
PhC2H8_C,C#CC1=CC=C(C#CC2C=CC(C#CC3C=CC(C#CC4C=CC(C#CC5C=CC(C#CC6C=CC(C#CC7C=CC(C#CC8=CC=CC=C8)C=C7)C=C6)C=C5)C=C4)C=C3)C=C2)C=C1,-5.527,-2.648,-4.0875,2.879,814.36,64,11.24
PhC2H16_C,C#CC1=CC=C(C#CC2C=CC(C#CC3C=CC(C#CC4C=CC(C#CC5C=CC(C#CC6C=CC(C#CC7C=CC(C#CC8C=CC(C#CC9C=CC(C#CC%10C=CC(C#CC%11C=CC(C#CC%12C=CC(C#CC%13C=CC(C#CC%14C=CC(C#CC%15C=CC(C#CC%16=CC=CC=C%16)C=C%15)C=C%14)C=C%13)C=C%12)C=C%11)C=C%10)C=C9)C=C8)C=C7)C=C6)C=C5)C=C4)C=C3)C=C2)C=C1,-5.481,-2.721,-4.101,2.76,1630.74,128,22.13
PhC2H32_T,C=CC1=CC=C(/C=C/C2=CC=CC=C2)C=C1,-5.663,-2.012,-3.8375,3.651,206.11,16,4.5
PhC2H34_T,C=CC1=CC=C(/C=C/C2C=CC(/C=C/C3C=CC(/C=C/C4=CC=CC=C4)C=C3)C=C2)C=C1,-5.273,-2.409,-3.841,2.864,414.23,32,8.33
PhC2H38_T,C=CC1=CC=C(/C=C/[C@H]2C=C[C@H](/C=C/[C@H]3C=C[C@H](/C=C/[C@H]4C=C[C@H](/C=C/[C@H]5C=C[C@H](/C=C/[C@H]6C=C[C@H](/C=C/[C@H]7C=C[C@@H](/C=C/C8=CC=CC=C8)C=C7)C=C6)C=C5)C=C4)C=C3)C=C2)C=C1,-5.101,-2.59,-3.8455,2.511,830.49,64,15.99
PhC2H316_T,C=CC1=CC=C(/C=C/C2C=CC(/C=C/C3C=CC(/C=C/C4C=CC(/C=C/C5C=CC(/C=C/C6C=CC(/C=C/C7C=CC(/C=C/C8C=CC(/C=C/C9C=CC(/C=C/C%10C=CC(/C=C/C%11C=CC(/C=C/C%12C=CC(/C=C/C%13C=CC(/C=C/C%14C=CC(/C=C/C%15C=CC(/C=C/C%16=CC=CC=C%16)C=C%15)C=C%14)C=C%13)C=C%12)C=C%11)C=C%10)C=C9)C=C8)C=C7)C=C6)C=C5)C=C4)C=C3)C=C2)C=C1,-5.042,-2.655,-3.8485,2.387,1662.99,128,31.3
PhC2H32_C,C=CC1=CC=C(/C=C/C2=CC=CC=C2)C=C1,-5.665,-1.989,-3.827,3.676,206.11,16,4.5
PhC2H34_C,C=CC1=CC=C(/C=C/C2=CC=C(/C=C/C3=CC=C(/C=C/C4=CC=CC=C4)C=C3)C=C2)C=C1,-5.277,-2.383,-3.83,2.894,410.2,32,8.84
PhC2H38_C,C=CC1=CC=C(/C=C/C2=CC=C(/C=C/C3=CC=C(/C=C/C4=CC=C(/C=C/C5=CC=C(/C=C/C6=CC=C(/C=C/C7=CC=C(/C=C/C8=CC=CC=C8)C=C7)C=C6)C=C5)C=C4)C=C3)C=C2)C=C1,-5.106,-2.564,-3.835,2.542,818.39,64,17.52
PhC2H316_C,C=CC1=CC=C(/C=C/C2=CC=C(/C=C/C3=CC=C(/C=C/C4=CC=C(/C=C/C5=CC=C(/C=C/C6=CC=C(/C=C/C7=CC=C(/C=C/C8=CC=C(/C=C/C9=CC=C(/C=C/C%10=CC=C(/C=C/C%11=CC=C(/C=C/C%12=CC=C(/C=C/C%13=CC=C(/C=C/C%14=CC=C(/C=C/C%15=CC=C(/C=C/C%16=CC=CC=C%16)C=C%15)C=C%14)C=C%13)C=C%12)C=C%11)C=C%10)C=C9)C=C8)C=C7)C=C6)C=C5)C=C4)C=C3)C=C2)C=C1,-5.046,-2.63,-3.838,2.4160000000000004,1634.77,128,34.89
VC_01_Gas,O=C1O[C@H]([C@@H](O)CO)C(O)=C1O,-6.495,-0.908,-3.7015,5.587,176.03,12,-1.41
TEA_01_Gas,CCN(CC)CC,-5.893,0.986,-2.4535,6.879,101.12,7,1.35
TEOA_01_Gas,OCCN(CCO)CCO,-6.088,0.524,-2.782,6.612,149.11,10,-1.73
BIH_01_Gas,CN1C2=CC=CC=C2N(C)C1C1=CC=CC=C1,-4.773,-0.856,-2.8145,3.917,224.13,17,3.27
H2SO3_01_Gas,O=S(O)O,-8.344,-0.353,-4.3485,7.991,81.97,4,-0.32
Hexatriene,C=C/C=C/C=C,-6.045,-1.634,-3.8395,4.411,80.06,6,1.91
VinylAcetylene,C#CC=C,-6.958,-1.242,-4.1,5.716,52.03,4,0.81
Styrene,C=CC1=CC=CC=C1,-6.36,-1.31,-3.835,5.050000000000001,104.06,8,2.33
Divinylbenzene,C=CC1=CC=C(C=C)C=C1,-6.025,-1.749,-3.887000000000001,4.276,130.08,10,2.97
DiphenylEthylene,C(=C/C1=CC=CC=C1)\C1=CC=CC=C1,-5.812,-1.771,-3.7915,4.041,180.09,14,3.86
DiEthynylbenzene,C#CC1=CC=C(C#C)C=C1,-6.495,-1.825,-4.16,4.67,126.05,10,1.65
Ethynylbenzene_0,C(#CC1=CC=CC=C1)C1=CC=CC=C1,-6.016,-1.654,-3.835,4.362,178.08,14,3.09
Ethynylbenzene_90,C(#CC1=CC=CC=C1)C1=CC=CC=C1,-6.479,-1.124,-3.8015,5.355,178.08,14,3.09
Biphenyl,C1=CC=C(C2=CC=CC=C2)C=C1,-6.353,-1.12,-3.7365,5.233,154.08,12,3.35
Terphenyl_Cis,C1=CC=C(C2=CC=C(C3=CC=CC=C3)C=C2)C=C1,-6.051,-1.423,-3.737,4.628,230.11,18,5.02
Terphenyl_Trans,C1=CC=C(C2=CC=C(C3=CC=CC=C3)C=C2)C=C1,-6.063,-1.433,-3.748,4.63,230.11,18,5.02
QuarterPhenyl_Cis,C1=CC=C(C2=CC=C(C3=CC=C(C4=CC=CC=C4)C=C3)C=C2)C=C1,-5.899,-1.577,-3.738,4.322,306.14,24,6.69
Anthracene,C1=CC2=C(C=C1)C=C1C=CC=CC1=C2,-5.539,-2.003,-3.771,3.536,178.08,14,3.99
Phenanthrene,C1=CC2=C(C=C1)C1=C(C=CC=C1)C=C2,-6.05,-1.376,-3.713,4.674,178.08,14,3.99
Tetraphene,C1=CC=C2C=C3C(=CC2=C1)C=CC1=C3C=CC=C1,-5.63,-1.921,-3.7755,3.709,228.09,18,5.15
Pyrene,C1=CC2=C3C(=C1)C=CC1=C3C(=CC=C1)C=C2,-5.635,-1.829,-3.732,3.806,202.08,16,4.58
Triphenylene,C1=CC2=C(C=C1)C1=C(C=CC=C1)C1=CC=CC=C21,-6.159,-1.322,-3.7405,4.837,228.09,18,5.15
Tetrahelicene,C1=CC2=C(C=C1)C1=C3C=CC=CC3=CC=C1C=C2,-5.844,-1.691,-3.7675,4.1530000000000005,228.09,18,5.15
Pentacene,C1=CC2C=C3C=C4C=C5C=CC=CC5=CC4=CC3=CC2C=C1,-4.899,-2.732,-3.8155,2.167,280.13,22,3.93
Hexacene,C1=C2C=CC=CC2=CC2C=C3C=C4C=C5C=CC=CC5=CC4=CC3=CC12,-4.707,-2.952,-3.8295,1.755,330.14,26,3.07
Coronene,C1=CC2=CC=C3C=CC4=C5C3=C2C2=C3C(=CC=C12)C=CC(=C35)C=C4,-5.741,-1.751,-3.746,3.99,300.09,24,6.92
Toluene,CC1=CC=CC=C1,-6.715,-0.384,-3.5495,6.331,92.06,7,2.0
oX,CC1=C(C)C=CC=C1,-6.539,-0.228,-3.3835,6.311,106.08,8,2.3
pX,CC1=CC=C(C)C=C1,-6.424,-0.352,-3.3880000000000003,6.072,106.08,8,2.3
iPrPh,CC(C)C1=CC=CC=C1,-6.717,-0.371,-3.544,6.346,120.09,9,2.81
pDiiPrPh,CC(C)C1=CC=C(C(C)C)C=C1,-6.436,-0.334,-3.385,6.102,162.14,12,3.93
BnOMe,COCC1=CC=CC=C1,-6.724,-0.376,-3.5500000000000003,6.348,122.07,9,1.83
pDiCH2OMe,COCC1=CC=C(COC)C=C1,-6.485,-0.336,-3.4105000000000003,6.149,166.1,12,1.98
CF3Ph,FC(F)(F)C1=CC=CC=C1,-7.599,-1.224,-4.4115,6.375,146.03,10,2.71
pDiCF3,FC(F)(F)C1=CC=C(C(F)(F)F)C=C1,-8.107,-1.924,-5.015499999999999,6.183,214.02,14,3.72
BnCl,ClCC1=CC=CC=C1,-7.135,-1.101,-4.118,6.034,126.02,8,2.43
pDiCH2Cl,ClCC1=CC=C(CCl)C=C1,-7.203,-1.556,-4.3795,5.647,174.0,10,3.16
CCl3,ClC(Cl)(Cl)C1=CC=CC=C1,-7.414,-1.532,-4.473,5.882,193.95,10,3.51
pDiCCl3,ClC(Cl)(Cl)C1=CC=C(C(Cl)(Cl)Cl)C=C1,-7.676,-2.186,-4.931,5.49,309.84,14,5.34
PhF,FC1=CC=CC=C1,-6.993,-0.755,-3.874,6.238,96.04,7,1.83
oF2,FC1=C(F)C=CC=C1,-7.11,-0.894,-4.002,6.216,114.03,8,1.96
pF2,FC1=CC=C(F)C=C1,-6.958,-1.09,-4.024,5.868,114.03,8,1.96
SymF3,FC1=CC(F)=CC(F)=C1,-7.483,-0.879,-4.181,6.603999999999999,132.02,9,2.1
pF4,FC1=C(F)C=C(F)C(F)=C1,-7.225,-1.369,-4.297,5.856,150.01,10,2.24
PhCl,ClC1=CC=CC=C1,-6.941,-0.804,-3.8725,6.137,112.01,7,2.34
oCl2,ClC1=C(Cl)C=CC=C1,-7.026,-1.065,-4.0455,5.961,145.97,8,2.99
pCl2,ClC1=CC=C(Cl)C=C1,-6.905,-1.152,-4.0285,5.753,145.97,8,2.99
SymCl3,ClC1=CC(Cl)=CC(Cl)=C1,-7.384,-1.38,-4.382,6.004,179.93,9,3.65
pCl4,ClC1=C(Cl)C=C(Cl)C(Cl)=C1,-7.108,-1.612,-4.359999999999999,5.496,213.89,10,4.3
DiCH2,C=C1C=CC(=C)C=C1,-5.713,-1.993,-3.853,3.72,104.06,8,0.51
DiCCN2,N#CC(C#N)=C1C=CC(=C(C#N)C#N)C=C1,-7.639,-5.124,-6.3815,2.515000000000001,204.04,16,0.08
PhCN,N#CC1=CC=CC=C1,-7.578,-1.824,-4.7010000000000005,5.754,103.04,8,1.56
oCN2,N#CC1=C(C#N)C=CC=C1,-8.076,-2.727,-5.4015,5.349,128.04,10,1.43
pCN2,N#CC1=CC=C(C#N)C=C1,-8.04,-2.906,-5.473,5.133999999999999,128.04,10,1.43
PhOH,OC1=CC=CC=C1,-6.32,-0.496,-3.4080000000000004,5.824,94.04,7,1.39
oHQ,OC1=C(O)C=CC=C1,-6.017,-0.321,-3.169,5.696000000000001,110.04,8,1.1
pHQ,OC1=CC=C(O)C=C1,-5.776,-0.597,-3.1865,5.179,110.04,8,1.1
SymOH3,OC1=CC(O)=CC(O)=C1,-6.21,0.078,-3.066,6.288,126.03,9,0.8
PhOMe,COC1=CC=CC=C1,-6.195,-0.41,-3.3025,5.785,108.06,8,1.7
pDiOMe,COC1=CC=C(OC)C=C1,-5.603,-0.444,-3.0235,5.159,138.07,10,1.7
PhenylAcetate,CC(=O)OC1=CC=CC=C1,-6.863,-0.704,-3.7835,6.159000000000001,136.05,10,1.61
PhenylDiAcetate,CC(=O)OC1=CC=C(OC(C)=O)C=C1,-6.699,-0.866,-3.7825,5.833,194.06,14,1.54
oQ,O=C1C=CC=CC1=O,-7.163,-3.988,-5.5755,3.1750000000000003,108.02,8,0.25
pQ,O=C1C=CC(=O)C=C1,-7.729,-3.889,-5.809,3.84,108.02,8,0.25
Formyl,O=CC1=CC=CC=C1,-7.283,-2.132,-4.7075000000000005,5.151,106.04,8,1.5
pDiFormyl,O=CC1=CC=C(C=O)C=C1,-7.621,-3.071,-5.346,4.550000000000001,134.04,10,1.31
Acetal,CC(=O)C1=CC=CC=C1,-7.067,-1.888,-4.4775,5.179,120.06,9,1.89
pDiAcetal,CC(=O)C1=CC=C(C(C)=O)C=C1,-7.297,-2.648,-4.9725,4.648999999999999,162.07,12,2.09
Benzoic,O=C(O)C1=CC=CC=C1,-7.422,-1.75,-4.586,5.672,122.04,9,1.38
H2BDC,O=C(O)C1=CC=C(C(=O)O)C=C1,-7.727,-2.555,-5.141,5.172000000000001,166.03,12,1.08
COOMe,COC(=O)C1=CC=CC=C1,-7.322,-1.604,-4.463,5.718,136.05,10,1.47
pDiCOOMe,COC(=O)C1=CC=C(C(=O)OC)C=C1,-7.533,-2.304,-4.9185,5.229000000000001,194.06,14,1.26
COCl,O=C(Cl)C1=CC=CC=C1,-7.761,-2.434,-5.0975,5.327,140.0,9,2.07
pDiCOCl,O=C(Cl)C1=CC=C(C(=O)Cl)C=C1,-8.31,-3.493,-5.9015,4.817,201.96,12,2.44
CONH2,NC(=O)C1=CC=CC=C1,-7.125,-1.451,-4.288,5.674,121.05,9,0.79
pDiCONH2,NC(=O)C1=CC=C(C(N)=O)C=C1,-7.277,-2.092,-4.6845,5.1850000000000005,164.06,12,-0.12
pDiCO,O=C=C1C=CC(=C=O)C=C1,-5.016,-1.664,-3.34,3.3520000000000003,132.02,10,-1.31
Pyridine,C1=CC=NC=C1,-7.197,-1.073,-4.135,6.1240000000000006,79.04,6,1.08
oDiN,C1=CC=NN=C1,-6.693,-1.798,-4.2455,4.895,80.04,6,0.48
pDiN,C1=CN=CC=N1,-7.133,-1.817,-4.475,5.316,80.04,6,0.48
mDiN,C1=CN=CN=C1,-7.243,-1.559,-4.401,5.684,80.04,6,0.48
Triazine,C1=NC=NC=N1,-7.883,-1.908,-4.8955,5.975,81.03,6,-0.13
Ani,NC1=CC=CC=C1,-5.762,-0.296,-3.029,5.465999999999999,93.06,7,1.27
pDiNH2,NC1=CC=C(N)C=C1,-5.009,-0.263,-2.636,4.746,108.07,8,0.85
Hydrazine,NNC1=CC=CC=C1,-5.625,-0.182,-2.9035,5.443,108.07,8,0.97
pDiHydrazine,NNC1=CC=C(NN)C=C1,-4.844,-0.06,-2.452,4.784000000000001,138.09,10,0.26
NHOH,ONC1=CC=CC=C1,-6.01,-0.408,-3.209,5.601999999999999,109.05,8,1.49
pDiNHOH,ONC1=CC=C(NO)C=C1,-5.431,-0.439,-2.935,4.992,140.06,10,1.29
Acetamide,CC(=O)NC1=CC=CC=C1,-6.312,-0.728,-3.52,5.5840000000000005,135.07,10,1.64
pDiAcetamide,CC(=O)NC1=CC=C(NC(C)=O)C=C1,-5.879,-0.888,-3.3835,4.991,192.09,14,1.6
AzoH,N=NC1=CC=CC=C1,-6.63,-2.277,-4.4535,4.353,106.05,8,2.35
pDiAzoH,N=NC1=CC=C(N=N)C=C1,-6.82,-2.981,-4.9005,3.839,134.06,10,3.01
Nitroso,O=NC1=CC=CC=C1,-6.348,-3.082,-4.715,3.266,107.04,8,2.08
pDiNitroso,O=NC1=CC=C(N=O)C=C1,-6.846,-4.153,-5.499499999999999,2.6930000000000005,136.03,10,2.48
Nitro,O=[N+]([O-])C1=CC=CC=C1,-7.894,-2.847,-5.3705,5.047000000000001,123.03,9,1.59
oDiNitro,O=[N+]([O-])C1=CC=CC=C1[N+](=O)[O-],-8.27,-3.425,-5.8475,4.845,168.02,12,1.5
mDiNitro,O=[N+]([O-])C1=CC=CC([N+](=O)[O-])=C1,-8.694,-3.524,-6.109,5.170000000000001,168.02,12,1.5
pDiNitro,O=[N+]([O-])C1=CC=C([N+](=O)[O-])C=C1,-8.611,-3.866,-6.2385,4.745000000000001,168.02,12,1.5
DPA,C1=CC=C(NC2=CC=CC=C2)C=C1,-5.422,-0.614,-3.018,4.808,169.09,13,3.43
TPA,C1=CC=C(N(C2=CC=CC=C2)C2=CC=CC=C2)C=C1,-5.255,-0.868,-3.0615,4.387,245.12,19,5.16
DiphenylMethane,C1=CC=C(CC2=CC=CC=C2)C=C1,-6.573,-0.566,-3.5695,6.007000000000001,168.09,13,3.28
Ph2O,C1=CC=C(OC2=CC=CC=C2)C=C1,-6.208,-0.765,-3.4865,5.4430000000000005,170.07,13,3.48
NQ,O=C1C=CC(=O)C2=C1C=CC=C2,-7.524,-3.524,-5.524,4.0,158.04,12,1.62
AQ,O=C1C2=C(C=CC=C2)C(=O)C2=C1C=CC=C2,-7.327,-3.149,-5.238,4.178,208.05,16,2.46
PhenQ,O=C1C(=O)C2=C(C=CC=C2)C2=C1C=CC=C2,-6.918,-3.379,-5.1485,3.539,208.05,16,2.73
BiphQ,O=C1C=CC(=C2C=CC(=O)C=C2)C=C1,-6.908,-4.178,-5.543,2.7300000000000004,184.05,14,1.67
Cp,C1=CCC=C1,-6.122,-0.738,-3.43,5.384,66.05,5,1.5
Pyrrole,C1=CNC=C1,-5.896,0.742,-2.577,6.638,67.04,5,1.01
Furan,C1=COC=C1,-6.461,-0.044,-3.2525,6.417000000000001,68.03,5,1.28
Thiophene,C1=CSC=C1,-6.649,-0.652,-3.6505,5.997,84.0,5,1.75
BCp,C1=CC2=CC=CC=C2C1,-6.088,-0.898,-3.493,5.19,116.06,9,2.26
BPyrrole,C1=CC=C2NC=CC2=C1,-5.757,-0.558,-3.1575,5.199,117.06,9,2.17
BFuran,C1=CC=C2OC=CC2=C1,-6.296,-0.902,-3.599,5.394,118.04,9,2.43
BThiophene,C1=CC=C2SC=CC2=C1,-6.143,-1.035,-3.589,5.108,134.02,9,2.9
DBCp,C1=CC=C2C(=C1)CC1=C2C=CC=C1,-6.065,-1.14,-3.6025,4.925000000000001,166.08,13,3.26
Car,C1=CC=C2C(=C1)NC1=C2C=CC=C1,-5.775,-1.107,-3.4410000000000003,4.668,167.07,13,3.32
DBFuran,C1=CC=C2C(=C1)OC1=C2C=CC=C1,-6.308,-1.356,-3.832,4.952,168.06,13,3.59
DBT,C1=CC=C2C(=C1)SC1=C2C=CC=C1,-6.062,-1.353,-3.7075,4.7090000000000005,184.03,13,4.05
CpO,O=C1C=CC=C1,-6.975,-3.119,-5.047,3.856,80.03,6,0.68
BCpO,O=C1C=CC2=CC=CC=C12,-6.728,-2.839,-4.7835,3.889,130.04,10,1.9
DBCpO,O=C1C2=CC=CC=C2C2=C1C=CC=C2,-6.544,-2.623,-4.5835,3.921,180.06,14,2.9
TO,O=S1C=CC=C1,-6.644,-2.345,-4.4945,4.299,100.0,6,0.78
TO2,O=S1(=O)C=CC=C1,-7.525,-2.779,-5.152,4.746,115.99,7,0.44
BTO,O=S1C=CC2=CC=CC=C21,-6.5,-2.155,-4.3275,4.345000000000001,150.01,10,1.78
BTO2,O=S1(=O)C=CC2=CC=CC=C21,-7.173,-2.437,-4.805,4.736000000000001,166.01,11,1.44
DBTO,O=S1C2=CC=CC=C2C2=C1C=CC=C2,-6.461,-1.947,-4.204000000000001,4.514,200.03,14,2.83
DBTO2,O=S1(=O)C2=CC=CC=C2C2=C1C=CC=C2,-6.921,-2.158,-4.5395,4.763,216.02,15,2.5
PyO,ON1C=CCC=C1,-6.186,-1.516,-3.851,4.67,97.05,7,1.11
TEMPO,CC1(C)CCCC(C)(C)N1O,-5.372,-1.555,-3.4635,3.817,157.15,11,2.42
TEMPOH,CC1(C)CCCC(C)(C)N1O,-6.072,0.432,-2.82,6.504,157.15,11,2.42
Indantrione,O=C1C(=O)C2=CC=CC=C2C1=O,-6.864,-3.851,-5.3575,3.013,160.02,12,-0.2
Ph2CO,O=C(C1=CC=CC=C1)C1=CC=CC=C1,-6.956,-2.093,-4.5245,4.863,182.07,14,2.92
Fc,C1=C[CH-]C=C1.C1=C[CH-]C=C1.[Fe+2],-5.555,-0.182,-2.8685,5.372999999999999,186.01,11,2.81
CrPhH2,C1=CC=CC=C1.C1=CC=CC=C1.[Cr],-4.373,-0.29,-2.3315,4.083,208.03,13,3.37
oBDCAnhydride,O=C1OC(=O)C2=CC=CC=C12,-8.267,-2.954,-5.6105,5.312999999999999,148.02,11,1.0
AminoQ,NC1=CC(=O)C=CC1=O,-6.732,-3.48,-5.106,3.252,123.03,9,-0.46
AminoNQ,NC1=CC(=O)C2=C(C=CC=C2)C1=O,-6.611,-3.148,-4.8795,3.463,173.05,13,0.91
AminoAQ,NC1=CC=CC2=C1C(=O)C1=C(C=CC=C1)C2=O,-6.126,-2.968,-4.547000000000001,3.1580000000000004,223.06,17,2.04
Imine,C(=N/C1=CC=CC=C1)\C1=CC=CC=C1,-6.212,-1.949,-4.0805,4.263,181.09,14,3.44
Amide,O=C(NC1=CC=CC=C1)C1=CC=CC=C1,-6.273,-1.596,-3.9345,4.677,197.08,15,2.94
Azo,C1=CC=C(/N=N/C2=CC=CC=C2)C=C1,-6.47,-2.558,-4.513999999999999,3.912,182.08,14,4.1
Boronic_ester,C1=CC=C(B2OC3=CC=CC=C3O2)C=C1,-6.436,-1.371,-3.9035,5.065,196.07,15,1.85
CNCC,N#C/C(=C\C1=CC=CC=C1)C1=CC=CC=C1,-6.365,-2.444,-4.4045000000000005,3.921,205.09,16,3.75
Imide,O=C1C2=CC=CC=C2C(=O)N1C1=CC=CC=C1,-6.705,-2.631,-4.668,4.074,223.06,17,2.49
Dioxin,C1=CC2=C(C=C1)OC1=C(C=CC=C1)O2,-5.674,-0.783,-3.2285000000000004,4.891,184.05,14,3.58
Phenazine,C1=CC2=C(C=C1)N=C1C=CC=CC1=N2,-6.385,-2.789,-4.587,3.596,180.07,14,2.78
oNitroAni,NC1=C([N+](=O)[O-])C=CC=C1,-6.416,-2.598,-4.507,3.818000000000001,138.04,10,1.18
pNitroAni,N[C@H]1C=C[C@H]([N+](=O)[O-])C=C1,-6.596,-2.385,-4.4905,4.211,140.06,10,0.08
oCyanoAni,N#CC1=C(N)C=CC=C1,-6.345,-1.546,-3.9455,4.799,118.05,9,1.14
pCyanoAni,N#C[C@H]1C=C[C@H](N)C=C1,-6.352,-1.243,-3.7975,5.109,120.07,9,0.58
oNitroPhenol,O=[N+]([O-])C1=CC=CC=C1O,-7.13,-3.104,-5.117,4.026,139.03,10,1.3
pNitroPhenol,O=[N+]([O-])C1=CC=C(O)C=C1,-7.251,-2.639,-4.945,4.612,139.03,10,1.3
oCyanoPhenol,N#CC1=CC=CC=C1O,-7.009,-1.833,-4.421,5.176,119.04,9,1.26
pCyanoPhenol,N#CC1=CC=C(O)C=C1,-6.934,-1.489,-4.2115,5.445,119.04,9,1.26
Benzoate,O=C([O-])C1=CC=CC=C1,-6.582,-0.67,-3.626,5.912,121.03,9,0.05
HBDC,O=C([O-])C1=CC=C(C(=O)O)C=C1,-6.693,-1.826,-4.2595,4.866999999999999,165.02,12,-0.25
AniH,[NH3+]C1=CC=CC=C1,-7.586,-0.979,-4.2825,6.607,94.07,7,0.56
DABH,NC1=CC=C([NH3+])C=C1,-5.895,-0.784,-3.3395,5.111,109.08,8,0.14
AminoBenzoic,NC1=CC=C(C(=O)O)C=C1,-6.188,-1.248,-3.718,4.94,137.05,10,0.97
AminoBenzoic_Zwitter,[NH3+]C1=CC=C(C(=O)[O-])C=C1,-6.707,-1.092,-3.8995,5.615,137.05,10,-1.08
oNitroBiphAni,NC1=CC=C(C2=CC=CC=C2)C=C1[N+](=O)[O-],-6.076,-2.615,-4.3455,3.4609999999999994,214.07,16,2.84
pNitroBiphAni,NC1=CC=C(C2=CC=C([N+](=O)[O-])C=C2)C=C1,-6.027,-2.632,-4.3295,3.395,214.07,16,2.84
oCyanoBiphAni,N#CC1=CC(C2=CC=CC=C2)=CC=C1N,-6.035,-1.584,-3.8095,4.4510000000000005,194.08,15,2.81
pCyanoBiphAni,N#CC1=CC=C(C2=CC=C(N)C=C2)C=C1,-5.937,-1.799,-3.868,4.138,194.08,15,2.81
oNitroBiphPhenol,O=[N+]([O-])C1=CC(C2=CC=CC=C2)=CC=C1O,-6.561,-3.085,-4.823,3.476,215.06,16,2.97
pNitroBiphPhenol,O=[N+]([O-])C1=CC=C(C2=CC=C(O)C=C2)C=C1,-6.495,-2.756,-4.6255,3.739,215.06,16,2.97
oCynaoBiphPhenol,N#CC1=CC(C2=CC=CC=C2)=CC=C1O,-6.491,-1.837,-4.164,4.654,195.07,15,2.93
pCynaoBiphPhenol,N#CC1=CC=C(C2=CC=C(O)C=C2)C=C1,-6.382,-1.936,-4.159,4.446,195.07,15,2.93
pBiphAni,NC1=CC=C(C2=CC=CC=C2)C=C1,-5.542,-0.791,-3.1665,4.751,169.09,13,2.94
AminoNaph,NC1=CC=CC2=C1C=CC=C2,-5.484,-1.181,-3.3325,4.303,143.07,11,2.42
oNitroAminoNaph,NC1=C([N+](=O)[O-])C=CC2=C1C=CC=C2,-6.138,-2.592,-4.365,3.546,188.06,14,2.33
pNitroAminoNaph,NC1=CC=C([N+](=O)[O-])C2=C1C=CC=C2,-6.203,-2.524,-4.3635,3.679,188.06,14,2.33
oCyanoAminoNaph,N#CC1=C(N)C2=C(C=CC=C2)C=C1,-6.027,-1.887,-3.957,4.140000000000001,168.07,13,2.29
pCyanoAminoNaph,N#CC1=CC=C(N)C2=C1C=CC=C2,-6.009,-1.93,-3.9695,4.079000000000001,168.07,13,2.29
oNitroHydroxyNaph,O=[N+]([O-])C1=C(O)C2=C(C=CC=C2)C=C1,-6.537,-3.004,-4.7705,3.533,189.04,14,2.45
pNitroHydroxyNaph,O=[N+]([O-])C1=CC=C(O)C2=C1C=CC=C2,-6.529,-2.724,-4.6265,3.805,189.04,14,2.45
oCyanoHydroxyNaph,N#CC1=C(O)C2=C(C=CC=C2)C=C1,-6.376,-2.017,-4.1965,4.359,169.05,13,2.42
pCyanoHydroxyNaph,N#CC1=CC=C(O)C2=C1C=CC=C2,-6.331,-2.027,-4.179,4.304,169.05,13,2.42
Q_C_H2,O=C1C=CC(=O)CC1,-7.45,-3.047,-5.2485,4.4030000000000005,110.04,8,0.47
pDiNH,N=C1C=CC(=N)C=C1,-7.251,-2.949,-5.1,4.3020000000000005,106.05,8,1.15
Q_C_H4,O=C1CCC(=O)CC1,-7.221,-1.408,-4.3145,5.813000000000001,112.05,8,0.7
C=CC#N,C=CC#N,-8.199,-1.991,-5.095,6.208,53.03,4,0.7
C=C(C#N)C#N,C=C(C#N)C#N,-8.773,-3.22,-5.9965,5.552999999999999,78.02,6,0.59
Dicyanoethylene,N#C/C=C/C#N,-8.669,-3.434,-6.051500000000001,5.235,78.02,6,0.59
CyanoStyrene,C=C(C#N)C1=CC=CC=C1,-6.979,-2.241,-4.61,4.738,129.06,10,2.22
CyanopDiCH2,N#C/C=C/C1=CC=CC=C1,-6.913,-2.421,-4.667,4.492000000000001,129.06,10,2.22
DiCyanopDiCH2,C=C1C=CC(=C(C#N)C#N)C=C1,-6.801,-3.748,-5.2745,3.053,154.05,12,0.29
DiCyanopDiCH2,N#CC=C1C=CC(=CC#N)C=C1,-6.804,-3.807,-5.3055,2.9970000000000003,154.05,12,0.29
Acrolein,C=CC=O,-7.364,-2.194,-4.779,5.17,56.03,4,0.37
Vinylacrolein,C=CC(=O)C=C,-6.78,-1.719,-4.2495,5.061,82.04,6,0.93
O=C1CC=CC=C1,O=C1C=CC=CC1,-6.431,-2.531,-4.481,3.9,94.04,7,1.07
O=C1OC=CC=C1,O=C1C=CC=CO1,-6.753,-2.454,-4.6035,4.299,96.02,7,0.64
LiH,[LiH],-5.326,-1.328,-3.327,3.9979999999999993,8.02,1,-0.65
LiCl,[Li]Cl,-6.785,-1.729,-4.257,5.056,41.98,2,0.31
Li2,[Li][Li],-3.65,-1.407,-2.5285,2.243,14.03,2,-0.76
BeCl2,Cl[Be]Cl,-9.237,-0.751,-4.994,8.486,78.95,3,1.0
BeH2,[BeH2],-8.649,-0.986,-4.8175,7.662999999999999,11.03,1,-0.92
BeHCl,[BeH]Cl,-9.401,-0.694,-5.047499999999999,8.707,44.99,2,0.04
Be,[Be],-6.316,-1.341,-3.8285,4.975,9.01,1,-0.38
BH3,B,-9.733,-2.225,-5.979,7.508000000000001,14.03,1,-1.18
B2H6,B.B,-9.097,-1.183,-5.14,7.914,28.07,2,-2.37
BF3,FB(F)F,-11.904,0.025,-5.9395,11.929,68.0,4,0.88
H3BO3,OB(O)O,-9.052,0.134,-4.459,9.186,62.02,4,-2.05
Na2,[Na][Na],-3.564,-1.502,-2.533,2.0620000000000003,45.98,2,-0.76
NaH,[NaH],-5.076,-1.58,-3.328,3.496,24.0,1,-0.65
NaCl,[Na]Cl,-6.213,-2.031,-4.122,4.182,57.96,2,0.31
Mg,[Mg],-5.293,-0.764,-3.0285,4.529,23.99,1,-0.38
MgH2,[MgH2],-7.052,-0.763,-3.9075,6.289,26.0,1,-0.92
MgHCl,[MgH]Cl,-8.124,-1.302,-4.713,6.822000000000001,59.96,2,0.04
MgCl2,Cl[Mg]Cl,-8.705,-2.169,-5.437,6.536,93.92,3,1.0
MeMgCl,C[Mg]Cl,-7.421,-1.393,-4.407,6.0280000000000005,73.98,3,0.89
Al2,[Al][Al],-3.874,-3.14,-3.507,0.734,53.96,2,-0.76
AlH3,[AlH3],-8.391,-1.983,-5.187,6.408,30.01,1,-1.18
AlCl3,Cl[Al](Cl)Cl,-9.078,-1.642,-5.359999999999999,7.436,131.89,4,1.69
Al2Cl6,Cl[Al]1(Cl)<-Cl[Al](Cl)(Cl)<-Cl1,-9.148,-1.302,-5.225,7.846,263.78,8,3.38
SiH4,[SiH4],-9.657,0.84,-4.4085,10.497,32.01,1,-1.45
SiF4,F[Si](F)(F)F,-12.443,-0.093,-6.268,12.35,103.97,5,1.3
SiCl4,Cl[Si](Cl)(Cl)Cl,-9.333,-2.817,-6.075,6.516,167.85,5,2.38
Si2Me4,C[Si](C)=[Si](C)C,-4.845,-1.245,-3.045,3.6,116.05,6,1.57
C2Me4,CC(C)=C(C)C,-5.811,0.392,-2.7095,6.203,84.09,6,2.36
TiH4,[TiH4],-8.746,-2.403,-5.5745000000000005,6.343,51.98,1,-1.07
TiF4,F[Ti](F)(F)F,-12.076,-5.404,-8.74,6.672000000000001,123.94,5,1.68
TiCl4,Cl[Ti](Cl)(Cl)Cl,-9.375,-4.882,-7.1285,4.493,187.82,5,2.76
Ti2Me4,C[Ti](C)[Ti](C)C,-4.278,-2.343,-3.3105,1.935,155.99,6,2.33
H2,[HH],-11.815,1.576,-5.1195,13.391,2.02,1,0.25
NaBH4,[BH4-].[Na+],-7.343,-1.842,-4.5925,5.501,38.03,2,-4.45
iPrOH,CC(C)O,-7.538,0.575,-3.4815,8.113,60.06,4,0.39
N2H4,NN,-6.975,0.556,-3.2095,7.531,32.04,2,-1.18
SiHMe3,C[SiH](C)C,-8.316,0.752,-3.782000000000001,9.068,74.06,4,1.1
SiHMe2Ph,C[SiH](C)C1=CC=CC=C1,-6.964,-0.713,-3.8385,6.251,136.07,9,1.38
H2S,S,-7.224,0.259,-3.4825,7.483,33.99,1,0.11
CH4,C,-10.746,1.288,-4.729,12.034,16.03,1,0.64
S=C1SC=CS1,S=C1SC=CS1,-6.217,-2.143,-4.18,4.074,133.93,6,2.54
C4H10,CCCC,-8.833,0.926,-3.9535,9.759,58.08,4,1.81
S=C(c1ccccc1)c2ccccc2,S=C(C1=CC=CC=C1)C1=CC=CC=C1,-5.949,-2.753,-4.351,3.196,198.05,14,3.45
iC4H10,CC(C)C,-8.818,0.803,-4.007499999999999,9.621,58.08,4,1.66
Tetrathiafulvalene,C1=CSC(=C2SC=CS2)S1,-4.685,-1.193,-2.939,3.4919999999999995,203.92,10,4.02
MetBu,CC(C)(C)C,-8.779,0.636,-4.0715,9.415,72.09,5,2.05
S=C1SSC=C1,S=C1C=CSS1,-6.281,-2.659,-4.47,3.622,133.93,6,2.54
C1=NSN=C1,C1=NSN=C1,-7.723,-1.981,-4.852,5.742,85.99,5,0.54
cC3H6,C1CC1,-8.127,1.353,-3.3870000000000005,9.48,42.05,3,1.17
C1=NN=CS1,C1=NN=CS1,-7.724,-1.57,-4.647,6.154,85.99,5,0.54
cC4H8,C1CCC1,-8.343,1.033,-3.655,9.376,56.06,4,1.56
cC6H12,C1CCCCC1,-8.122,0.863,-3.6295,8.985,84.09,6,2.34
PhCSSMe,CSC(=S)C1=CC=CC=C1,-6.133,-2.587,-4.36,3.546,168.01,10,2.73
C12=NSN=C1C=CC=C2,C1=CC2=NSN=C2C=C1,-6.897,-2.67,-4.7835,4.227,136.01,9,1.69
CH3F,CF,-9.574,1.276,-4.149,10.85,34.02,2,0.59
CF4,FC(F)(F)F,-12.313,2.174,-5.069500000000001,14.487,87.99,5,1.48
CH3Cl,CCl,-8.171,0.306,-3.9325,8.476999999999999,49.99,2,0.85
CCl4,ClC(Cl)(Cl)Cl,-8.818,-2.039,-5.4285,6.779,151.88,5,2.55
MeOH,CO,-7.653,0.661,-3.496,8.314,32.03,2,-0.39
CH2OH2,OCO,-7.698,0.428,-3.635,8.126000000000001,48.02,3,-1.07
EtOH,CCO,-7.563,0.688,-3.4375,8.251,46.04,3,-0.0
Glycol,OCCO,-7.489,0.376,-3.5565,7.865,62.04,4,-1.03
BnOH,OCC1=CC=CC=C1,-6.71,-0.397,-3.5535,6.313,108.06,8,1.18
tBuOH,CC(C)(C)O,-7.504,0.454,-3.525,7.957999999999999,74.07,5,0.78
C3H4,C=C=C,-7.49,0.011,-3.7395,7.501,40.03,3,0.96
CH2CO,C=C=O,-6.938,-1.34,-4.139,5.598,42.01,3,0.0
CO,[C-]#[O+],-10.527,-1.128,-5.8275,9.399,27.99,2,-0.04
CO2,O=C=O,-10.411,0.305,-5.053,10.716,43.99,3,-0.58
C2O2,O=C=C=O,-6.355,-4.876,-5.615500000000001,1.479,55.99,4,-0.79
CH2CCO,C=C=C=O,-6.57,-3.117,-4.843500000000001,3.4530000000000003,54.01,4,0.16
C3O2,O=C=C=C=O,-8.243,-2.172,-5.2075000000000005,6.071,67.99,5,-0.64
Et2O,CCOCC,-7.101,0.953,-3.074,8.054,74.07,5,1.04
THF,C1CCOC1,-6.808,0.833,-2.9875,7.641,72.06,5,0.8
CH2O,C=O,-7.628,-1.654,-4.641,5.974,30.01,2,-0.18
MeCHO,CC=O,-7.295,-1.228,-4.2615,6.067,44.03,3,0.21
Me2CO,CC(C)=O,-7.01,-0.697,-3.8535,6.313,58.04,4,0.6
HCOOH,O=CO,-8.333,-0.555,-4.444,7.778,46.01,3,-0.3
MeCOOH,CC(=O)O,-7.906,-0.177,-4.0415,7.729,60.02,4,0.09
MeCOOMe,COC(C)=O,-7.726,-0.009,-3.8675,7.717,74.04,5,0.18
MeCOCl,CC(=O)Cl,-8.378,-1.406,-4.892,6.972,77.99,4,0.77
Ac2O,CC(=O)OC(C)=O,-7.524,-1.121,-4.3225,6.4030000000000005,102.03,7,0.1
AcNH2,CC(N)=O,-7.086,0.372,-3.357,7.458,59.04,4,-0.51
AcNMe2,CC(=O)N(C)C,-6.706,0.498,-3.104,7.204000000000001,87.07,6,0.09
H2O,O,-8.606,0.337,-4.1345,8.943,18.01,1,-0.82
H2O2,OO,-7.868,-0.104,-3.986,7.764,34.01,2,0.02
O2,O=O,-8.725,-3.431,-6.077999999999999,5.294,31.99,2,0.07
O3,O=[O+][O-],-9.52,-5.405,-7.4625,4.114999999999999,47.98,3,-1.12
N2,N#N,-11.915,-1.005,-6.459999999999999,10.91,28.01,2,0.03
N2H2_C,N=N,-7.016,-1.942,-4.479,5.074,30.02,2,0.6
NH3,N,-7.404,0.598,-3.403,8.002,17.03,1,0.16
MeNH2,CN,-6.641,0.761,-2.94,7.402,31.04,2,-0.43
Me2NH,CNC,-6.213,0.847,-2.683,7.0600000000000005,45.06,3,-0.16
Me3N,CN(C)C,-5.971,0.833,-2.569,6.804,59.07,4,0.18
NH2OH,NO,-7.373,0.737,-3.318,8.11,33.02,2,-0.67
HNO,N=O,-6.975,-3.256,-5.1155,3.719,31.01,2,0.33
HNO2,O=NO,-8.05,-2.706,-5.378,5.344000000000001,47.0,3,0.14
HNO3,O=[N+]([O-])O,-9.298,-2.506,-5.902,6.792,63.0,4,-0.35
NO2,O=[N+][O-],-8.196,-4.331,-6.2635000000000005,3.8649999999999993,45.99,3,-0.41
N2O4,O=[N+]([O-])[N+](=O)[O-],-8.882,-3.71,-6.295999999999999,5.172,91.99,6,-0.55
NO,[N]=O,-6.206,-2.771,-4.4885,3.4350000000000005,30.0,2,-0.45
N2O2,O=NN=O,-6.063,-3.752,-4.9075,2.311,60.0,4,0.43
N2O,[N-]=[N+]=O,-9.58,-0.829,-5.2045,8.751,44.0,3,-0.16
MeNO2,C[N+](=O)[O-],-8.451,-2.345,-5.398000000000001,6.106,61.02,4,-0.11
MeONO,CON=O,-7.76,-2.546,-5.153,5.214,61.02,4,0.31
MeONO2,CO[N+](=O)[O-],-8.964,-2.179,-5.5715,6.785,77.01,5,-0.18
MeNO,CN=O,-6.551,-2.677,-4.614,3.874,45.02,3,0.38
CH2N2,C=[N+]=[N-],-6.344,-1.62,-3.982,4.724,42.02,3,-0.08
MeN3,CN=[N+]=[N-],-7.177,-1.072,-4.124499999999999,6.105,57.03,4,0.93
HCN,C#N,-10.102,-0.114,-5.1080000000000005,9.988,27.01,2,0.14
C2N2,N#CC#N,-10.323,-2.883,-6.603,7.44,52.01,4,0.03
HOCN,N#CO,-8.757,-0.871,-4.814,7.885999999999999,43.01,3,-0.16
HCNO,C#[N+][O-],-7.73,-0.106,-3.918,7.624,43.01,3,0.45
C2CN4,N#CC(C#N)=C(C#N)C#N,-9.409,-5.266,-7.3375,4.143000000000001,128.01,10,0.38
P4,P12P3P1P23,-7.285,-1.0,-4.1425,6.285,123.9,4,3.44
PH3,P,-7.64,0.505,-3.5675,8.145,34.0,1,0.06
MePH2,CP,-6.995,0.222,-3.3865,7.217,48.01,2,0.49
Me3P,CP(C)C,-6.22,0.832,-2.694,7.052,76.04,4,1.36
Me3PO,CP(C)(C)=O,-7.235,0.327,-3.454,7.562,92.04,5,1.24
P2H4,PP,-7.216,-0.471,-3.8435,6.745,65.98,2,0.65
PPh3,C1=CC=C(P(C2=CC=CC=C2)C2=CC=CC=C2)C=C1,-6.022,-0.922,-3.472,5.1000000000000005,262.09,19,3.44
PPh3O,O=P(C1=CC=CC=C1)(C1=CC=CC=C1)C1=CC=CC=C1,-7.152,-1.182,-4.167,5.970000000000001,278.09,20,3.33
PPh3CH2,C=P(C1=CC=CC=C1)(C1=CC=CC=C1)C1=CC=CC=C1,-4.779,-1.186,-2.9825,3.593,276.11,20,3.41
H3PO2,O=[PH2]O,-8.205,-0.07,-4.1375,8.135,65.99,3,-0.35
H3PO3,O=[PH](O)O,-8.545,0.118,-4.2135,8.663,81.98,4,-0.64
H3PO4,O=P(O)(O)O,-8.462,-0.553,-4.5075,7.909,97.98,5,-0.93
PF5,FP(F)(F)(F)F,-11.838,-0.385,-6.1115,11.453,125.97,6,2.96
H2S2,SS,-7.301,-1.472,-4.3865,5.829000000000001,65.96,2,0.76
S8,S1SSSSSSS1,-7.333,-2.561,-4.947,4.772,255.78,8,5.19
Me2S,CSC,-6.048,0.611,-2.7185,6.659,62.02,3,0.98
DMSO,CS(C)=O,-6.469,0.512,-2.9785000000000004,6.981,78.01,4,-0.01
DMSO2,CS(C)(=O)=O,-8.196,0.361,-3.9175,8.557,94.01,5,-0.34
H2S2O3,O=[SH](O)(O)S,-7.6,-1.091,-4.3455,6.509,115.96,5,-0.21
H2SO4,O=S(=O)(O)O,-9.438,-0.562,-5.0,8.876000000000001,97.97,5,-0.65
MeHSO4,COS(=O)(=O)O,-8.704,-0.229,-4.4665,8.475000000000001,111.98,6,-0.56
MeSO3H,CS(=O)(=O)O,-8.731,0.055,-4.338,8.786,95.99,5,-0.5
MeSO2NH2,CS(N)(=O)=O,-8.369,0.302,-4.0335,8.671,95.0,5,-1.1
PhSO3H,O=S(=O)(O)C1=CC=CC=C1,-7.826,-1.707,-4.7665,6.119,158.0,10,0.93
mX,CC1=CC(C)=CC=C1,-6.535,-0.294,-3.4145,6.2410000000000005,106.08,8,2.3
mF,FC1=CC(F)=CC=C1,-7.155,-0.916,-4.0355,6.239,114.03,8,1.96
mCl,ClC1=CC(Cl)=CC=C1,-7.099,-1.121,-4.11,5.978,145.97,8,2.99
mCN,N#CC1=CC(C#N)=CC=C1,-8.137,-2.628,-5.3825,5.509,128.04,10,1.43
mOH,OC1=CC(O)=CC=C1,-6.138,-0.339,-3.2385,5.799,110.04,8,1.1
mOMe,COC1=CC(OC)=CC=C1,-5.955,-0.19,-3.0725,5.765,138.07,10,1.7
mCHO,O=CC1=CC(C=O)=CC=C1,-7.513,-2.665,-5.089,4.848,134.04,10,1.31
3Me,CC1=CC(C)=CC(C)=C1,-6.471,-0.213,-3.342,6.258,120.09,9,2.61
3CN,N#CC1=CC(C#N)=CC(C#N)=C1,-8.725,-3.212,-5.9685,5.513,153.03,12,1.3
3OMe,COC1=CC(OC)=CC(OC)=C1,-5.951,0.258,-2.8465,6.209,168.08,12,1.71
mAc,CC(=O)C1=CC(C(C)=O)=CC=C1,-7.175,-2.293,-4.734,4.882,162.07,12,2.09
mCOOH,O=C(O)C1=CC(C(=O)O)=CC=C1,-7.774,-2.194,-4.984,5.58,166.03,12,1.08
3CHO,O=CC1=CC(C=O)=CC(C=O)=C1,-7.803,-2.988,-5.3955,4.815,162.03,12,1.12
3Ac,CC(=O)C1=CC(C(C)=O)=CC(C(C)=O)=C1,-7.37,-2.481,-4.9255,4.889,204.08,15,2.29
3COOH,O=C(O)C1=CC(C(=O)O)=CC(C(=O)O)=C1,-8.095,-2.411,-5.253,5.684000000000001,210.02,15,0.78
oOMe,COC1=C(OC)C=CC=C1,-5.725,-0.066,-2.8955,5.659,138.07,10,1.7
oCHO,O=CC1=C(C=O)C=CC=C1,-7.403,-2.87,-5.1365,4.533,134.04,10,1.31
oAc,CC(=O)C1=C(C(C)=O)C=CC=C1,-7.219,-2.226,-4.7225,4.993,162.07,12,2.09
oCOOH,O=C(O)C1=C(C(=O)O)C=CC=C1,-7.629,-2.107,-4.868,5.521999999999999,166.03,12,1.08
mNH2,NC1=CC(N)=CC=C1,-5.405,0.009,-2.698,5.414000000000001,108.07,8,0.85
oNH2,NC1=C(N)C=CC=C1,-5.425,-0.029,-2.727,5.396,108.07,8,0.85
3NH2,NC1=CC(N)=CC(N)=C1,-5.311,0.457,-2.427,5.768,123.08,9,0.43
3NO2,O=[N+]([O-])C1=CC([N+](=O)[O-])=CC([N+](=O)[O-])=C1,-9.288,-4.049,-6.6685,5.239,213.0,15,1.41
PhNHPhNHPh,C1=CC=C(NC2=CC=C(NC3=CC=CC=C3)C=C2)C=C1,-4.963,-0.696,-2.8295,4.267,260.13,20,5.17
HydroxyQ,O=C1C=CC(=O)C(O)=C1,-7.578,-3.921,-5.7495,3.657000000000001,124.02,9,0.14
HydroxyNQ,O=C1C=C(O)C(=O)C2=C1C=CC=C2,-7.368,-3.533,-5.4505,3.835,174.03,13,1.51
HydroxyAQ,O=C1C2=C(C=CC=C2)C(=O)C2=C1C=CC=C2O,-6.8,-3.312,-5.056,3.488,224.05,17,2.17
PAQ,O=C1C=CC(=O)C(NC2=CC=CC=C2)=C1,-6.257,-3.537,-4.897,2.72,199.06,15,1.69
PANQ,O=C1C=C(NC2=CC=CC=C2)C(=O)C2=C1C=CC=C2,-6.171,-3.212,-4.6915,2.959,249.08,19,3.06
PAAQ,O=C1C2=C(C=CC=C2)C(=O)C2=C1C=CC=C2NC1=CC=CC=C1,-5.835,-3.056,-4.4455,2.779,299.09,23,4.21
ClQ,O=C1C=CC(=O)C(Cl)=C1,-7.977,-4.084,-6.0305,3.8930000000000007,141.98,9,0.82
ClNQ,O=C1C=C(Cl)C(=O)C2=C1C=CC=C2,-7.742,-3.699,-5.7205,4.043,192.0,13,2.19
ClAQ,O=C1C2=C(C=CC=C2)C(=O)C2=C1C=CC=C2Cl,-7.199,-3.243,-5.221,3.956,242.01,17,3.12
CNQ,N#CC1=CC(=O)C=CC1=O,-8.345,-4.558,-6.4515,3.787000000000001,133.02,10,0.14
CNNQ,N#CC1=CC(=O)C2=C(C=CC=C2)C1=O,-8.075,-4.167,-6.121,3.908,183.03,14,1.52
CNAQ,N#CC1=CC=CC2=C1C(=O)C1=C(C=CC=C1)C2=O,-7.599,-3.541,-5.57,4.058,233.05,18,2.33
Acrolein,C=CC=O,-7.364,-2.194,-4.779,5.17,56.03,4,0.37
1_Methyl,C=CC(C)=O,-7.123,-1.983,-4.553,5.140000000000001,70.04,5,0.76
2_Methyl,C=C(C)C=O,-7.297,-2.008,-4.6525,5.289,70.04,5,0.76
3_Methyl_E,C/C=C/C=O,-7.126,-1.864,-4.495,5.2620000000000005,70.04,5,0.76
3_Methyl_Z,C/C=C\C=O,-7.105,-1.973,-4.539000000000001,5.132000000000001,70.04,5,0.76
Carboxylic,C=CC(=O)O,-7.978,-1.837,-4.9075,6.141,72.02,5,0.26
Ester,C=CC(=O)OC,-7.816,-1.66,-4.738,6.156,86.04,6,0.35
Amide,C=CC(N)=O,-7.208,-1.392,-4.3,5.816000000000001,71.04,5,-0.34
MethylAmide,C=CC(=O)NC,-7.123,-1.26,-4.1915,5.863,85.05,6,-0.08
DiMethylAmide,C=CC(=O)N(C)C,-6.717,-1.311,-4.013999999999999,5.406,99.07,7,0.26
COF,C=CC(=O)F,-8.637,-2.396,-5.516500000000001,6.2410000000000005,74.02,5,0.67
COCl,C=CC(=O)Cl,-8.363,-2.662,-5.512499999999999,5.701,89.99,5,0.94
Anhydride,C=CC(=O)OC(C)=O,-7.807,-2.192,-4.9995,5.615,114.03,8,0.26
Imide,C=CC(=O)NC(C)=O,-7.01,-2.004,-4.507,5.006,113.05,8,-0.16
Acetylene,C#CC=O,-7.957,-2.494,-5.2255,5.462999999999999,54.01,4,-0.18
Propanal,CCC=O,-7.185,-1.069,-4.127,6.116,58.04,4,0.6
Allyl_alcohol,C=CCO,-7.293,-0.26,-3.7765,7.033,58.04,4,0.16
Propenol,C/C=C/O,-6.1,0.556,-2.772,6.656,58.04,4,1.08
1_Vinyl,C=CC(=O)C=C,-7.177,-2.181,-4.679,4.996,82.04,6,0.93
2_Vinyl,C=CC(=C)C=O,-7.083,-2.225,-4.654,4.8580000000000005,82.04,6,0.93
3_Vinyl_E,C=C/C=C/C=O,-7.186,-2.528,-4.857,4.658,82.04,6,0.93
3_Vinyl_Z,C=C/C=C\C=O,-7.178,-2.503,-4.8405000000000005,4.675,82.04,6,0.93
1-Carbonyl,C=CC(=O)C=O,-7.34,-3.294,-5.317,4.045999999999999,84.02,6,-0.06
2-Carbonyl,C=C(C=O)C=O,-7.116,-2.906,-5.011,4.209999999999999,84.02,6,-0.06
3-Carbonyl_E,O=C/C=C/C=O,-7.773,-3.493,-5.633,4.279999999999999,84.02,6,-0.06
3-Carbonyl_Z,O=C/C=C\C=O,-7.73,-3.456,-5.593,4.274000000000001,84.02,6,-0.06
2_Hydroxyl,C=C(O)C=O,-7.275,-2.333,-4.804,4.942,72.02,5,0.26
3_Hydroxyl_E,O=C/C=C/O,-7.004,-1.565,-4.2845,5.439,72.02,5,0.26
3_Hydroxyl_Z,O=C/C=C\O,-6.887,-1.704,-4.2955,5.183,72.02,5,0.26
Dihydroxyl,O=C/C(O)=C/O,-6.657,-1.879,-4.268,4.7780000000000005,88.02,6,0.14
Imine_E,C=CC=N,-7.494,-1.576,-4.535,5.917999999999999,55.04,4,0.82
Imine_Z,C=CC=N,-7.553,-1.686,-4.6195,5.867,55.04,4,0.82
Cyanoacetylene,C#CC#N,-8.755,-1.927,-5.341,6.828000000000001,51.01,4,0.14
2_Amino,C=C(N)C=O,-6.496,-1.911,-4.2035,4.585000000000001,71.04,5,-0.34
3_Amino_E,N/C=C/C=O,-6.553,-1.118,-3.8355,5.435,71.04,5,-0.34
3_Amino_Z,N/C=C\C=O,-6.546,-1.442,-3.994,5.104,71.04,5,-0.34
CH2,O=C1C=CC(=O)C1,-7.296,-3.069,-5.1825,4.227,96.02,7,0.08
NH,O=C1C=CC(=O)N1,-7.856,-3.094,-5.475,4.7620000000000005,97.02,7,-0.8
O,O=C1C=CC(=O)O1,-8.507,-3.522,-6.0145,4.984999999999999,98.0,7,-0.37
MQ,CC1=CC(=O)C=CC1=O,-7.582,-3.731,-5.656499999999999,3.851,122.04,9,0.64
MNQ,CC1=CC(=O)C2=C(C=CC=C2)C1=O,-7.39,-3.378,-5.384,4.012,172.05,13,2.01
MAQ,CC1=CC=CC2=C1C(=O)C1=C(C=CC=C1)C2=O,-7.196,-3.073,-5.1345,4.122999999999999,222.07,17,2.77
AminoBQ,NC1=CC(=C2C=CC(=O)C=C2)C=CC1=O,-6.102,-3.873,-4.987500000000001,2.229,199.06,15,0.96
HydroxylBQ,O=C1C=CC(=C2C=CC(=O)C(O)=C2)C=C1,-6.616,-4.181,-5.3985,2.435,200.05,15,1.56
PhenylAminoBQ,O=C1C=CC(=C2C=CC(=O)C(NC3=CC=CC=C3)=C2)C=C1,-5.921,-3.917,-4.9190000000000005,2.0040000000000004,275.09,21,3.11
ClBQ,O=C1C=CC(=C2C=CC(=O)C(Cl)=C2)C=C1,-6.951,-4.325,-5.638,2.6259999999999994,218.01,15,2.24
CNBQ,N#CC1=CC(=C2C=CC(=O)C=C2)C=CC1=O,-7.311,-4.671,-5.991,2.64,209.05,16,1.57
MBQ,CC1=CC(=C2C=CC(=O)C=C2)C=CC1=O,-6.765,-4.075,-5.42,2.6899999999999995,198.07,15,2.06
PhBQ,O=C1C=CC(=C2C=CC(=O)C(C3=CC=CC=C3)=C2)C=C1,-6.551,-4.11,-5.330500000000001,2.441,260.08,20,3.2
PhQ,O=C1C=CC(=O)C(C2=CC=CC=C2)=C1,-7.064,-3.764,-5.414,3.3000000000000003,184.05,14,1.78
PhNQ,O=C1C=C(C2=CC=CC=C2)C(=O)C2=C1C=CC=C2,-6.961,-3.437,-5.199,3.5240000000000005,234.07,18,3.15
PhAQ,O=C1C2=C(C=CC=C2)C(=O)C2=C1C=CC=C2C1=CC=CC=C1,-6.54,-3.094,-4.817,3.446,284.08,22,4.13
C60,C12=C3C4=C5C6=C3C3=C7C8=C9C3=C1C1=C3C2=C2C4=C4C%10=C2C2=C3C3=C%11C2=C2C%10=C%10C%12=C%13C(=C%14C6=C7C6=C%14C7=C%14C%15=C6C8=C6C8=C9C1=C3C8=C1C%11=C3C2=C%10C(=C%137)C%14=C3C1=C6%15)C5=C4%12,-6.385,-3.674,-5.0295,2.711,720.0,60,17.73
NitroQ,O=C1C=CC(=O)C([N+](=O)[O-])=C1,-8.302,-4.603,-6.4525,3.699,153.01,11,-0.15
oTerphenyl,C1=CC=C(C2=CC=CC=C2C2=CC=CC=C2)C=C1,-6.176,-1.158,-3.667,5.018000000000001,230.11,18,5.02
mTerphenyl,C1=CC=C(C2=CC=CC(C3=CC=CC=C3)=C2)C=C1,-6.261,-1.257,-3.759,5.004,230.11,18,5.02
NitroNQ,O=C1C=C([N+](=O)[O-])C(=O)C2=C1C=CC=C2,-8.039,-4.189,-6.114,3.85,203.02,15,1.23
NitroAQ,O=C1C2=C(C=CC=C2)C(=O)C2=C1C=CC=C2[N+](=O)[O-],-7.749,-3.612,-5.6805,4.137,253.04,19,2.37
Triphenylbenzene,C1=CC=C(C2=CC(C3=CC=CC=C3)=CC(C3=CC=CC=C3)=C2)C=C1,-6.282,-1.273,-3.7775,5.009,306.14,24,6.69
NitroBQ,O=C1C=CC(=C2C=CC(=O)C([N+](=O)[O-])=C2)C=C1,-7.401,-4.719,-6.0600000000000005,2.6819999999999995,229.04,17,1.28
CF3Q,O=C1C=CC(=O)C(C(F)(F)F)=C1,-8.131,-4.329,-6.23,3.802000000000001,176.01,12,1.18
CF3NQ,O=C1C=C(C(F)(F)F)C(=O)C2=C1C=CC=C2,-7.879,-3.93,-5.9045,3.949,226.02,16,2.55
CF3AQ,O=C1C2=C(C=CC=C2)C(=O)C2=C1C=CC=C2C(F)(F)F,-7.549,-3.401,-5.475,4.148000000000001,276.04,20,3.48
CF3BQ,O=C1C=CC(=C2C=CC(=O)C(C(F)(F)F)=C2)C=C1,-7.235,-4.502,-5.8685,2.7330000000000005,252.04,18,2.61
AcQ,CC(=O)C1=CC(=O)C=CC1=O,-7.375,-4.051,-5.713,3.324,150.03,11,0.21
AcNQ,CC(=O)C1=CC(=O)C2=C(C=CC=C2)C1=O,-7.251,-3.675,-5.463,3.5760000000000005,200.05,15,1.58
AcAQ,CC(=O)C1=CC=CC2=C1C(=O)C1=C(C=CC=C1)C2=O,-7.02,-3.37,-5.195,3.65,250.06,19,2.66
AcBQ,CC(=O)C1=CC(=C2C=CC(=O)C=C2)C=CC1=O,-7.034,-4.333,-5.6835,2.701,226.06,17,1.63
MeOQ,COC1=CC(=O)C=CC1=O,-7.489,-3.579,-5.534,3.91,138.03,10,0.22
MeONQ,COC1=CC(=O)C2=C(C=CC=C2)C1=O,-7.301,-3.219,-5.26,4.082000000000001,188.05,14,1.6
MeOAQ,COC1=CC=CC2=C1C(=O)C1=C(C=CC=C1)C2=O,-6.71,-2.964,-4.837,3.746,238.06,18,2.47
MeOBQ,COC1=CC(=C2C=CC(=O)C=C2)C=CC1=O,-6.37,-4.016,-5.193,2.354,214.06,16,1.65
MeNHQ,CNC1=CC(=O)C=CC1=O,-6.502,-3.387,-4.9445,3.115,137.05,10,-0.2
MeNHNQ,CNC1=CC(=O)C2=C(C=CC=C2)C1=O,-6.398,-3.063,-4.7305,3.3349999999999995,187.06,14,1.17
MeNHAQ,CNC1=CC=CC2=C1C(=O)C1=C(C=CC=C1)C2=O,-5.947,-2.958,-4.452500000000001,2.989,237.08,18,2.5
MeNHBQ,CNC1=CC(=C2C=CC(=O)C=C2)C=CC1=O,-5.961,-3.809,-4.885,2.152,213.08,16,1.22
VinylQ,C=CC1=CC(=O)C=CC1=O,-7.373,-3.849,-5.611000000000001,3.524,134.04,10,0.81
VinylNQ,C=CC1=CC(=O)C2=C(C=CC=C2)C1=O,-7.229,-3.528,-5.3785,3.701,184.05,14,2.18
VinylAQ,C=CC1=CC=CC2=C1C(=O)C1=C(C=CC=C1)C2=O,-6.822,-3.129,-4.9755,3.693,234.07,18,3.11
VinylBQ,C=CC1=CC(=C2C=CC(=O)C=C2)C=CC1=O,-6.623,-4.169,-5.396,2.4540000000000006,210.07,16,2.23
CCQ,C#CC1=CC(=O)C=CC1=O,-7.699,-3.995,-5.847,3.704,132.02,10,0.25
CCNQ,C#CC1=CC(=O)C2=C(C=CC=C2)C1=O,-7.508,-3.654,-5.581,3.854,182.04,14,1.63
CCAQ,C#CC1=CC=CC2=C1C(=O)C1=C(C=CC=C1)C2=O,-6.972,-3.18,-5.0760000000000005,3.792,232.05,18,2.44
CCBQ,C#CC1=CC(=C2C=CC(=O)C=C2)C=CC1=O,-6.786,-4.266,-5.526,2.52,208.05,16,1.68
MeN,CC1=CC=CC2=C1C=CC=C2,-5.986,-1.331,-3.6585,4.654999999999999,142.08,11,3.15
MeA,CC1=C2C=CC=CC2=CC2=C1C=CC=C2,-5.425,-1.978,-3.7015,3.447,192.09,15,4.3
MeB,CC1=CC=C(C2=CC=CC=C2)C=C1,-6.169,-1.033,-3.601,5.135999999999999,168.09,13,3.66
MeP,CC1=CC2=C3C(=C1)C=CC1=C3C(=CC=C1)C=C2,-5.588,-1.791,-3.6895,3.797,216.09,17,4.89
NH2A,NC1=C2C=CC=CC2=CC2=C1C=CC=C2,-5.06,-1.852,-3.456,3.2079999999999997,193.09,15,3.58
NH2P,NC1=CC2=C3C(=C1)C=CC1=C3C(=CC=C1)C=C2,-5.538,-1.732,-3.635,3.806,217.09,17,4.17
OHN,OC1=CC=CC2=C1C=CC=C2,-5.766,-1.209,-3.4875,4.557,144.06,11,2.55
OHA,OC1=C2C=CC=CC2=CC2=C1C=CC=C2,-5.29,-1.939,-3.6145,3.351,194.07,15,3.7
OHB,OC1=CC=C(C2=CC=CC=C2)C=C1,-5.947,-0.929,-3.438,5.018,170.07,13,3.06
OHP,OC1=CC2=C3C(=C1)C=CC1=C3C(=CC=C1)C=C2,-5.672,-1.867,-3.7695,3.805,218.07,17,4.29
NHMe,CNC1=CC=CC=C1,-5.601,-0.259,-2.93,5.342,107.07,8,1.73
NHMeN,CNC1=CC=CC2=C1C=CC=C2,-5.358,-1.122,-3.24,4.236,157.09,12,2.88
NHMeA,CNC1=C2C=CC=CC2=CC2=C1C=CC=C2,-5.276,-1.942,-3.609,3.334,207.1,16,4.03
NHMeB,CNC1=CC=C(C2=CC=CC=C2)C=C1,-5.468,-0.781,-3.1245,4.687,183.1,14,3.4
NHMeP,CNC1=CC2=C3C(=C1)C=CC1=C3C(=CC=C1)C=C2,-5.459,-1.685,-3.572,3.774,231.1,18,4.63
OMeN,COC1=CC=CC2=C1C=CC=C2,-5.712,-1.144,-3.428,4.568,158.07,12,2.85
OMeA,COC1=C2C=CC=CC2=CC2=C1C=CC=C2,-5.445,-2.002,-3.7235,3.4430000000000005,208.09,16,4.0
OMeB,COC1=CC=C(C2=CC=CC=C2)C=C1,-5.866,-0.897,-3.3815,4.968999999999999,184.09,14,3.36
OMeP,COC1=CC2=C3C(=C1)C=CC1=C3C(=CC=C1)C=C2,-5.606,-1.806,-3.706,3.8,232.09,18,4.59
NHPhN,C1=CC=C(NC2=CC=CC3=C2C=CC=C3)C=C1,-5.347,-1.413,-3.3800000000000003,3.934,219.1,17,4.58
NHPhA,C1=CC=C(NC2=C3C=CC=CC3=CC3=C2C=CC=C3)C=C1,-5.359,-2.114,-3.7365,3.245,269.12,21,5.74
NHPhB,C1=CC=C(NC2=CC=C(C3=CC=CC=C3)C=C2)C=C1,-5.343,-1.059,-3.201,4.284,245.12,19,5.1
NHPhP,C1=CC=C(NC2=CC3=C4C(=C2)C=CC2=C4C(=CC=C2)C=C3)C=C1,-5.412,-1.818,-3.615,3.594,293.12,23,6.33
ClN,ClC1=CC=CC2=C1C=CC=C2,-6.23,-1.643,-3.9365,4.587000000000001,162.02,11,3.49
ClA,ClC1=C2C=CC=CC2=CC2=C1C=CC=C2,-5.663,-2.238,-3.9505,3.4250000000000003,212.04,15,4.65
ClB,ClC1=CC=C(C2=CC=CC=C2)C=C1,-6.405,-1.337,-3.871,5.0680000000000005,188.04,13,4.01
ClP,ClC1=CC2=C3C(=C1)C=CC1=C3C(=CC=C1)C=C2,-5.868,-2.061,-3.9645,3.807,236.04,17,5.24
CNN,N#CC1=CC=CC2=C1C=CC=C2,-6.653,-2.261,-4.457,4.392,153.06,12,2.71
CNA,N#CC1=C2C=CC=CC2=CC2=C1C=CC=C2,-6.031,-2.709,-4.37,3.322,203.07,16,3.86
CNB,N#CC1=CC=C(C2=CC=CC=C2)C=C1,-6.826,-2.06,-4.443,4.766,179.07,14,3.23
CNP,N#CC1=CC2=C3C(=C1)C=CC1=C3C(=CC=C1)C=C2,-6.127,-2.302,-4.2145,3.825,227.07,18,4.46
NO2N,O=[N+]([O-])C1=CC=CC2=C1C=CC=C2,-6.773,-2.854,-4.8135,3.919,173.05,13,2.75
NO2A,O=[N+]([O-])C1=C2C=CC=CC2=CC2=C1C=CC=C2,-6.088,-2.843,-4.4655000000000005,3.245,223.06,17,3.9
NO2B,O=[N+]([O-])C1=CC=C(C2=CC=CC=C2)C=C1,-6.991,-2.839,-4.915,4.151999999999999,199.06,15,3.26
NO2P,O=[N+]([O-])C1=CC2=C3C(=C1)C=CC1=C3C(=CC=C1)C=C2,-6.162,-2.773,-4.4675,3.389,247.06,19,4.49
CF3N,FC(F)(F)C1=CC=CC2=C1C=CC=C2,-6.56,-1.89,-4.225,4.67,196.05,14,3.86
CF3A,FC(F)(F)C1=C2C=CC=CC2=CC2=C1C=CC=C2,-5.917,-2.444,-4.1805,3.473,246.07,18,5.01
CF3B,FC(F)(F)C1=CC=C(C2=CC=CC=C2)C=C1,-6.76,-1.649,-4.2045,5.111,222.07,16,4.37
CF3P,FC(F)(F)C1=CC2=C3C(=C1)C=CC1=C3C(=CC=C1)C=C2,-5.975,-2.159,-4.067,3.816,270.07,20,5.6
AcN,CC(=O)C1=CC=CC2=C1C=CC=C2,-6.369,-2.217,-4.293,4.151999999999999,170.07,13,3.04
AcA,CC(=O)C1=C2C=CC=CC2=CC2=C1C=CC=C2,-5.726,-2.276,-4.001,3.45,220.09,17,4.2
AcB,CC(=O)C1=CC=C(C2=CC=CC=C2)C=C1,-6.62,-2.044,-4.332,4.5760000000000005,196.09,15,3.56
AcP,CC(=O)C1=CC2=C3C(=C1)C=CC1=C3C(=CC=C1)C=C2,-5.855,-2.03,-3.9425,3.8250000000000006,244.09,19,4.79
PhN,C1=CC=C(C2=CC=CC3=C2C=CC=C3)C=C1,-5.942,-1.465,-3.7035,4.477,204.09,16,4.51
PhA,C1=CC=C(C2=C3C=CC=CC3=CC3=C2C=CC=C3)C=C1,-5.456,-1.996,-3.726,3.4600000000000004,254.11,20,5.66
PhB,C1=CC=C(C2=CC3=C4C(=C2)C=CC2=C4C(=CC=C2)C=C3)C=C1,-5.66,-1.853,-3.7565,3.807,278.11,22,6.25
VinylN,C=CC1=CC=CC2=C1C=CC=C2,-5.945,-1.622,-3.7835,4.323,154.08,12,3.48
VinylA,C=CC1=C2C=CC=CC2=CC2=C1C=CC=C2,-5.443,-2.072,-3.7575,3.371,204.09,16,4.64
VinylB,C=CC1=CC=C(C2=CC=CC=C2)C=C1,-6.04,-1.58,-3.81,4.46,180.09,14,4.0
VinylP,C=CC1=CC2=C3C(=C1)C=CC1=C3C(=CC=C1)C=C2,-5.678,-1.878,-3.778,3.8,228.09,18,5.23
CCN,C#CC1=CC=CC2=C1C=CC=C2,-6.084,-1.787,-3.9355,4.297,152.06,12,2.82
CCN,C#CC1=C2C=CC=CC2=CC2=C1C=CC=C2,-5.561,-2.306,-3.9335,3.255,202.08,16,3.97
CCB,C#CC1=CC=C(C2=CC=CC=C2)C=C1,-6.254,-1.599,-3.9265,4.654999999999999,178.08,14,3.33
CCP,C#CC1=CC2=C3C(=C1)C=CC1=C3C(=CC=C1)C=C2,-5.791,-1.964,-3.8775,3.827,226.08,18,4.57
PV29,O=C1NC(=O)C2=C3C1=CC=C1C4=CC=C5C(=O)NC(=O)C6=C5C4=C(C=C6)C(=C31)C=C2,-6.405,-3.896,-5.1505,2.5090000000000003,390.06,30,3.5
NDI,O=C1NC(=O)C2=C3C1=CC=C1C(=O)NC(=O)C(=C13)C=C2,-7.507,-3.875,-5.691,3.632,266.03,20,0.61
H6B3N3,B1NBNBN1,-7.869,0.13,-3.8695,7.999,81.08,6,-3.43
BenzoFuran,C1=CC2=COC=C2C=C1,-5.585,-1.52,-3.5525,4.065,118.04,9,2.43
C4BNH6,[BH-]1=CC=CC=[NH+]1,-6.33,-0.961,-3.6455,5.369,79.06,6,-0.43
